{
  "task": "mortality",
  "algorithm": "lightgbm",
  "n_rows": 150000,
  "label_col": "mortality_1yr",
  "notes": [
    "dropped_features=egfr_mutation,performance_status"
  ],
  "outer_fold_metrics": [
    {
      "accuracy": 0.73744,
      "balanced_accuracy": 0.7280583918675851,
      "precision": 0.751229562674465,
      "recall": 0.8002690455961484,
      "f1": 0.7749742886527254,
      "auc": 0.8115462470063657,
      "brier": 0.17421259653535498,
      "fold": 1.0
    },
    {
      "accuracy": 0.73552,
      "balanced_accuracy": 0.7247896793276355,
      "precision": 0.7455948216679198,
      "recall": 0.807356012602216,
      "f1": 0.7752472891668649,
      "auc": 0.8104948006823971,
      "brier": 0.1742641126643216,
      "fold": 2.0
    },
    {
      "accuracy": 0.7387,
      "balanced_accuracy": 0.7286561919860169,
      "precision": 0.7501482701812191,
      "recall": 0.8059400332755142,
      "f1": 0.7770439768596734,
      "auc": 0.8124535568944501,
      "brier": 0.1735588764428064,
      "fold": 3.0
    }
  ],
  "outer_mean": {
    "accuracy": 0.7372200000000001,
    "balanced_accuracy": 0.7271680877270792,
    "precision": 0.7489908848412012,
    "recall": 0.8045216971579595,
    "f1": 0.775755184893088,
    "auc": 0.8114982015277376,
    "brier": 0.17401186188082765,
    "fold": 2.0
  },
  "outer_std": {
    "accuracy": 0.0016013744096869142,
    "balanced_accuracy": 0.0020813363811041027,
    "precision": 0.002990356529191209,
    "recall": 0.0037503377638611036,
    "f1": 0.001124442470752317,
    "auc": 0.0009802615725287287,
    "brier": 0.0003931416197509601,
    "fold": 1.0
  },
  "outer_auc_ci_95": {
    "method": "normal_approx_over_outer_folds",
    "n_folds": 3,
    "mean": 0.8114982015277376,
    "lower": 0.8103889311334972,
    "upper": 0.8126074719219779
  },
  "calibration_metrics": {
    "accuracy": 0.7369666666666667,
    "balanced_accuracy": 0.7272732551750272,
    "precision": 0.7498896490840874,
    "recall": 0.801876216885952,
    "f1": 0.7750121175833262,
    "auc": 0.8119113139062922,
    "brier": 0.17372621991589765
  },
  "best_threshold": {
    "threshold": 0.38000000000000006,
    "target_metric": "f1",
    "metrics": {
      "accuracy": 0.7289666666666667,
      "balanced_accuracy": 0.702879625548842,
      "precision": 0.7021179059319703,
      "recall": 0.9036521328691958,
      "f1": 0.790238113665093,
      "auc": 0.8119113139062922,
      "brier": 0.17372621991589765
    }
  },
  "artifacts": {
    "model": "C:\\Users\\aryam\\OneDrive\\Desktop\\c\\Cancerproject\\data\\models\\mortality_lightgbm_model.joblib",
    "mapie": null,
    "shap": "C:\\Users\\aryam\\OneDrive\\Desktop\\c\\Cancerproject\\data\\reports\\mortality_lightgbm_shap_summary.json",
    "shap_plot": "C:\\Users\\aryam\\OneDrive\\Desktop\\c\\Cancerproject\\data\\reports\\mortality_lightgbm_shap_summary.png",
    "calibration_plot": "C:\\Users\\aryam\\OneDrive\\Desktop\\c\\Cancerproject\\data\\reports\\mortality_lightgbm_calibration_curve.png",
    "roc_plot": "C:\\Users\\aryam\\OneDrive\\Desktop\\c\\Cancerproject\\data\\reports\\mortality_lightgbm_roc_curve.png",
    "probability_hist_plot": "C:\\Users\\aryam\\OneDrive\\Desktop\\c\\Cancerproject\\data\\reports\\mortality_lightgbm_probability_hist.png",
    "survival": null
  }
}